RespondentID,CollectorID,StartDate,EndDate,IP Address,Email Address,First Name,LastName,Custom 1,What is your job title?,For how many years have you worked in your <strong>current</strong> position?,For how many years <strong>total</strong> have you worked in a library setting?,Select the scientific area(s) you support in your data-related work.,,,,,,,"In an average week, what percentage of your time do you spend on data-related work and other work? (The sum of your responses should add up to 100.)",,Which of the following educational experience or training have you completed?  Check all that apply.,,,,,,,Data management,,,,,,,,,,Technology and IT,,,,,Evaluation and assessment,,,Teaching and instruction,,,,,Library services,,,,,,Marketing and outreach,,,,Professional involvement,,,Skills and personal attributes,,,,,,,Educational background,,,,,What other skills not included in the list on the last page do you consider important to your work in your current position?,Please share any other additional thoughts or comments you have related to skills and competencies for data specialists.
,,,,,,,,,Open-Ended Response,Open-Ended Response,Open-Ended Response,Biomedical and/or health sciences,Life sciences,Physical sciences,Mathematics and/or statistics,Engineering and/or computer science,Social sciences,Other (please specify),Percent of time spent on data-related work,Percent of time spent on other work,ALA-accredited masters degree,Science masters degree,"Other non-ALA, non-science masters degree",Undergraduate science degree,PhD (any discipline),Specialized librarianship certification (such as data or medical library certification),"Other non-degree, non-certificate training in data, science, or specialized librarianship",Data management planning,"Data preservation, curation, or stewardship",Applying or developing ontologies or metadata,"Support for data resources (such as NCBI and other molecular biology databases, data repositories, etc)",Support for clinical data management,Support for general data management,Bioinformatics support,Support for data use and analysis,Support for institutional repository,Development of data services,Data visualization,"Scientific programming (such as R, Python, Javascript, etc)","Statistical software (such as SAS, SPSS, MATLAB, etc)",Developing and maintaining web sites,GIS software and data,Evaluation of classes or instructional programs,Evaluation of services,Needs assessment,Course-integrated instruction,Development of course content or curricula,"Development of online tutorials, course materials, or instructional guides",One-on-one consultation or instruction,Staff/librarian training,Collection development,Library and institutional committee service,Reference support,Literature searching and systematic review support,"Scholarly communication support (copyright, support for scholarly publishing, etc)",Cataloging,Data-specific liaison services,General library liaison services,Social media,"Developing relationships with researchers, faculty, etc",AHIP membership,Participation in continuing education or professional development activities,Conducting research and/or writing journal articles,Customer service skills,Innovation and creativity,Oral communication and presentation skills,Written communication skills,Teaching skills,Teamwork and interpersonal skills,Management and leadership skills,"ALA-accredited master's degree (i.e. MLS, MLIS, or equivalent)",Certificate or specialized education in data,Bachelor's degree in a science or biomedical field,Graduate degree in a science or biomedical field,PhD or doctoral degree,Open-Ended Response,Open-Ended Response
redacted,redacted,redacted,redacted,,,,,,redacted,3,5,,Life sciences,Physical sciences,Mathematics and/or statistics,Engineering and/or computer science,Social sciences,Everything except the college of medicine,80,20,ALA-accredited master’s degree,Science master’s degree,,Undergraduate science degree,,,,Absolutely essential,Very important,Very important,Very important,Important,Absolutely essential,Important,Important,Important,Absolutely essential,Important,Important,Important,Slightly important,Important,Very important,Very important,Absolutely essential,Very important,Absolutely essential,Absolutely essential,Absolutely essential,Slightly important,Not at all important,Not at all important,Not at all important,Slightly important,Very important,Not at all important,Very important,Very important,Important,Absolutely essential,Don't know or N/A,Absolutely essential,Absolutely essential,Absolutely essential,Important,Absolutely essential,Absolutely essential,Absolutely essential,Absolutely essential,Very important,Slightly important,Not at all important,Slightly important,Absolutely essential,Not at all important,redacted,redacted
redacted,redacted,redacted,redacted,,,,,,redacted,,,,,,,,,,,,,,,,,,,Very important,Absolutely essential,Very important,Very important,Absolutely essential,Absolutely essential,Absolutely essential,Absolutely essential,Don't know or N/A,Absolutely essential,Absolutely essential,Very important,Very important,Absolutely essential,Very important,Absolutely essential,Absolutely essential,Absolutely essential,Very important,Very important,Very important,Very important,Absolutely essential,Slightly important,Slightly important,Important,Absolutely essential,Absolutely essential,Very important,Absolutely essential,Absolutely essential,Absolutely essential,Absolutely essential,Not at all important,Slightly important,Slightly important,Absolutely essential,Absolutely essential,Absolutely essential,Absolutely essential,Absolutely essential,Absolutely essential,Absolutely essential,Important,Important,Slightly important,Slightly important,Slightly important,redacted,redacted
redacted,redacted,redacted,redacted,,,,,,redacted,10,18,Biomedical and/or health sciences,,,,,Social sciences,,60,40,ALA-accredited master’s degree,,"Other non-ALA, non-science master’s degree",,,Specialized librarianship certification (such as data or medical library certification),"Other non-degree, non-certificate training in data, science, or specialized librarianship",Very important,Very important,Absolutely essential,Important,Important,Absolutely essential,Slightly important,Important,Absolutely essential,Absolutely essential,Important,Slightly important,Important,Very important,Important,Absolutely essential,Absolutely essential,Absolutely essential,Absolutely essential,Absolutely essential,Absolutely essential,Absolutely essential,Absolutely essential,Absolutely essential,Absolutely essential,Absolutely essential,Absolutely essential,Absolutely essential,Absolutely essential,Absolutely essential,Absolutely essential,Very important,Absolutely essential,Very important,Absolutely essential,Very important,Absolutely essential,Absolutely essential,Absolutely essential,Absolutely essential,Absolutely essential,Absolutely essential,Absolutely essential,Absolutely essential,Absolutely essential,Important,Important,Slightly important,redacted,redacted
redacted,redacted,redacted,redacted,,,,,,redacted,1,17,Biomedical and/or health sciences,,Physical sciences,,,,Data Science,45,55,ALA-accredited master’s degree,Science master’s degree,,,,,,Very important,Important,Important,Important,Very important,Very important,Absolutely essential,Absolutely essential,Important,Absolutely essential,Important,Important,Important,Slightly important,Important,Important,Very important,Very important,Very important,Very important,Important,Absolutely essential,Absolutely essential,Important,Important,Very important,Absolutely essential,Important,Slightly important,Very important,Very important,Important,Absolutely essential,Not at all important,Very important,Absolutely essential,Important,Important,Very important,Absolutely essential,Absolutely essential,Important,Important,Very important,Important,Very important,Very important,Important,redacted,redacted
redacted,redacted,redacted,redacted,,,,,,redacted,7,30,Biomedical and/or health sciences,Life sciences,Physical sciences,Mathematics and/or statistics,,Social sciences,,50,50,ALA-accredited master’s degree,,,,,,,Slightly important,,,Absolutely essential,,,,,,,,,,,,,,,,,,,,,,,,,,,,,,,,,,,,,,,,,,,,,redacted,redacted
redacted,redacted,redacted,redacted,,,,,,redacted,2,9,Biomedical and/or health sciences,Life sciences,Physical sciences,Mathematics and/or statistics,Engineering and/or computer science,Social sciences,,25,75,ALA-accredited master’s degree,,,,,,"Other non-degree, non-certificate training in data, science, or specialized librarianship",Absolutely essential,Absolutely essential,Absolutely essential,Slightly important,Not at all important,Absolutely essential,Not at all important,Absolutely essential,Absolutely essential,Absolutely essential,Absolutely essential,Slightly important,Absolutely essential,Absolutely essential,Important,Important,Absolutely essential,Absolutely essential,Absolutely essential,Absolutely essential,Absolutely essential,Absolutely essential,Absolutely essential,Very important,Very important,Absolutely essential,Not at all important,Absolutely essential,Very important,Important,Absolutely essential,Very important,Absolutely essential,Important,Absolutely essential,Very important,Very important,Very important,Absolutely essential,Absolutely essential,Very important,Very important,Absolutely essential,Absolutely essential,Not at all important,Not at all important,Not at all important,Not at all important,redacted,redacted
redacted,redacted,redacted,redacted,,,,,,redacted,13,15,Biomedical and/or health sciences,,,,,,,25,75,ALA-accredited master’s degree,,,Undergraduate science degree,,,"Other non-degree, non-certificate training in data, science, or specialized librarianship",,,,,,,,,,,,,,,,,,,,,,,,,,,,,,,,,,,,,,,,,,,,,,,,,redacted,redacted
redacted,redacted,redacted,redacted,,,,,,redacted,8,8,Biomedical and/or health sciences,,,,Engineering and/or computer science,Social sciences,,20,80,,Science master’s degree,,,,,,Absolutely essential,Very important,Absolutely essential,Don't know or N/A,Absolutely essential,Very important,Absolutely essential,Absolutely essential,Absolutely essential,Very important,Very important,Very important,Absolutely essential,Very important,Very important,Very important,Very important,Absolutely essential,Absolutely essential,Very important,Very important,Important,Very important,Very important,Important,Very important,Very important,Very important,Very important,Important,Very important,Slightly important,Very important,Very important,Very important,Absolutely essential,Very important,Very important,Important,Important,Important,Very important,Very important,Absolutely essential,Very important,Very important,Important,Very important,redacted,redacted
redacted,redacted,redacted,redacted,,,,,,redacted,1,6,Biomedical and/or health sciences,,,,,,,80,20,ALA-accredited master’s degree,,,,,,,Very important,Absolutely essential,Important,Important,Very important,Absolutely essential,Absolutely essential,Important,Absolutely essential,Absolutely essential,Very important,Very important,Absolutely essential,Important,Important,Very important,Absolutely essential,Absolutely essential,Important,Important,Very important,Absolutely essential,Very important,Slightly important,Very important,Very important,Important,Very important,Slightly important,Absolutely essential,Very important,Very important,Absolutely essential,Slightly important,Very important,Very important,Absolutely essential,Absolutely essential,Very important,Very important,Very important,Absolutely essential,Very important,Absolutely essential,Absolutely essential,Important,Important,Slightly important,redacted,redacted
redacted,redacted,redacted,redacted,,,,,,redacted,9,12,Biomedical and/or health sciences,,,,,,,80,20,,,,,,,"Other non-degree, non-certificate training in data, science, or specialized librarianship",,,,,,,,,,,,,,,,,,,,,,,,,,,,,,,,,,,,,,,,,,,,,,,,,redacted,redacted
redacted,redacted,redacted,redacted,,,,,,redacted,15,37,Biomedical and/or health sciences,Life sciences,,,,,,50,50,ALA-accredited master’s degree,,,,,,"Other non-degree, non-certificate training in data, science, or specialized librarianship",Very important,Important,Important,Important,Important,Important,Important,Important,Important,Important,Slightly important,Slightly important,Slightly important,Important,Slightly important,Important,Important,Very important,Important,Important,Important,Important,Important,Important,Very important,Absolutely essential,Absolutely essential,Absolutely essential,Very important,Important,Very important,Very important,Absolutely essential,Important,Important,Slightly important,Absolutely essential,Very important,Very important,Very important,Important,Very important,Very important,Absolutely essential,Very important,Slightly important,Slightly important,Not at all important,redacted,redacted
redacted,redacted,redacted,redacted,,,,,,redacted,,,Biomedical and/or health sciences,,,,,,,25,75,,,,Undergraduate science degree,,Specialized librarianship certification (such as data or medical library certification),"Other non-degree, non-certificate training in data, science, or specialized librarianship",,,,,,,,,,,,,,,,,,,,,,,,,,,,,,,,,,,,,,,,,,,,,,,,,redacted,redacted
redacted,redacted,redacted,redacted,,,,,,redacted,1,27,Biomedical and/or health sciences,,,,,,,,100,ALA-accredited master’s degree,,,Undergraduate science degree,,,,Slightly important,Important,Important,Very important,Slightly important,Slightly important,Slightly important,Slightly important,Very important,Slightly important,Very important,Slightly important,Slightly important,Very important,Don't know or N/A,Important,Very important,Very important,Very important,Very important,Very important,Very important,Very important,Absolutely essential,Absolutely essential,Very important,Very important,Absolutely essential,Important,Slightly important,Important,Slightly important,Important,Very important,Very important,Slightly important,Important,Important,Very important,Important,Very important,Important,Absolutely essential,Absolutely essential,,Important,,,redacted,redacted
redacted,redacted,redacted,redacted,,,,,,redacted,1,1,Biomedical and/or health sciences,Life sciences,,,Engineering and/or computer science,,,90,10,,,,Undergraduate science degree,PhD (any discipline),,"Other non-degree, non-certificate training in data, science, or specialized librarianship",Very important,Absolutely essential,Very important,Very important,Very important,Absolutely essential,Very important,Absolutely essential,Very important,Absolutely essential,Absolutely essential,Very important,Very important,Very important,Very important,Absolutely essential,Absolutely essential,Very important,Very important,Absolutely essential,Very important,Absolutely essential,Absolutely essential,Very important,Important,Slightly important,Slightly important,Absolutely essential,Slightly important,Absolutely essential,Absolutely essential,Absolutely essential,Absolutely essential,Important,Absolutely essential,Important,Absolutely essential,Absolutely essential,Absolutely essential,Absolutely essential,Absolutely essential,Absolutely essential,Absolutely essential,Important,Important,Very important,Very important,Very important,redacted,redacted
redacted,redacted,redacted,redacted,,,,,,redacted,2,3,Biomedical and/or health sciences,,,,,,,90,10,ALA-accredited master’s degree,,,,,,"Other non-degree, non-certificate training in data, science, or specialized librarianship",Important,Important,Slightly important,Important,Very important,Very important,Slightly important,Important,Slightly important,Important,Important,Very important,Important,Not at all important,Slightly important,Very important,Very important,Very important,Important,Important,Important,Important,Important,Slightly important,Very important,Important,Not at all important,Slightly important,Don't know or N/A,Slightly important,Not at all important,Slightly important,Very important,Slightly important,Very important,Very important,Important,Very important,Very important,Very important,Very important,Important,Very important,Important,Slightly important,Slightly important,Slightly important,Slightly important,redacted,redacted
redacted,redacted,redacted,redacted,,,,,,redacted,3,30,Biomedical and/or health sciences,Life sciences,Physical sciences,Mathematics and/or statistics,Engineering and/or computer science,Social sciences,,75,25,ALA-accredited master’s degree,,,Undergraduate science degree,,,,Absolutely essential,Very important,Very important,Very important,Important,Absolutely essential,Important,Absolutely essential,Important,Absolutely essential,Very important,Slightly important,Important,Very important,Very important,Absolutely essential,Absolutely essential,Absolutely essential,Absolutely essential,Very important,Absolutely essential,Absolutely essential,Very important,Important,Very important,Important,Slightly important,Important,Important,Absolutely essential,Slightly important,Very important,Absolutely essential,Not at all important,Absolutely essential,Very important,Absolutely essential,Absolutely essential,Absolutely essential,Absolutely essential,Absolutely essential,Absolutely essential,Absolutely essential,Important,Very important,Very important,Important,Slightly important,redacted,redacted
redacted,redacted,redacted,redacted,,,,,,redacted,0,0,Biomedical and/or health sciences,Life sciences,,,,,,45,55,,,,Undergraduate science degree,PhD (any discipline),,,Very important,Absolutely essential,Important,Very important,Very important,Very important,Absolutely essential,Absolutely essential,Very important,Absolutely essential,Absolutely essential,Absolutely essential,Very important,Absolutely essential,Slightly important,Important,Important,Important,Absolutely essential,Very important,Very important,Absolutely essential,Very important,Slightly important,Important,Very important,Very important,Absolutely essential,Very important,Absolutely essential,Absolutely essential,Slightly important,Absolutely essential,Don't know or N/A,Absolutely essential,Important,Very important,Very important,Very important,Very important,Very important,Very important,Very important,Don't know or N/A,Very important,Very important,Slightly important,Slightly important,redacted,redacted
redacted,redacted,redacted,redacted,,,,,,redacted,1,6,Biomedical and/or health sciences,,Physical sciences,,,,,95,5,ALA-accredited master’s degree,,,,,,,Not at all important,Absolutely essential,Absolutely essential,,Important,Absolutely essential,Not at all important,Very important,Don't know or N/A,Absolutely essential,Slightly important,Slightly important,,Very important,Slightly important,Very important,Absolutely essential,Absolutely essential,Important,Important,Slightly important,Very important,Not at all important,Not at all important,Not at all important,Not at all important,Not at all important,Very important,Very important,Absolutely essential,Not at all important,Not at all important,Absolutely essential,Not at all important,,Very important,Absolutely essential,Absolutely essential,Absolutely essential,Absolutely essential,Important,Absolutely essential,Slightly important,Slightly important,Important,Slightly important,Slightly important,Not at all important,redacted,redacted
redacted,redacted,redacted,redacted,,,,,,redacted,7,23,Biomedical and/or health sciences,,,,,,,40,60,ALA-accredited master’s degree,,,Undergraduate science degree,,,,Important,Slightly important,Very important,Important,Very important,Important,Important,Very important,Slightly important,Not at all important,Absolutely essential,Not at all important,Not at all important,Not at all important,Don't know or N/A,Slightly important,Important,Important,Slightly important,Slightly important,Slightly important,Absolutely essential,Absolutely essential,Slightly important,Slightly important,Slightly important,Absolutely essential,Very important,Not at all important,Very important,Very important,Important,Absolutely essential,Don't know or N/A,Absolutely essential,Slightly important,Absolutely essential,Very important,Absolutely essential,Very important,Important,Absolutely essential,Very important,Absolutely essential,Slightly important,Important,Not at all important,Not at all important,redacted,redacted
redacted,redacted,redacted,redacted,,,,,,redacted,6,25,Biomedical and/or health sciences,,,,,,,15,85,ALA-accredited master’s degree,,,Undergraduate science degree,,,"Other non-degree, non-certificate training in data, science, or specialized librarianship",Not at all important,Slightly important,Slightly important,Very important,Very important,Not at all important,Slightly important,Very important,Slightly important,Absolutely essential,Important,Important,Important,Slightly important,Slightly important,Important,Important,Very important,Slightly important,Important,Important,Very important,Slightly important,Slightly important,Slightly important,Slightly important,Slightly important,Important,Slightly important,Very important,Important,Important,Very important,Not at all important,Very important,Slightly important,Absolutely essential,Slightly important,Very important,Very important,Absolutely essential,Very important,Important,Not at all important,Not at all important,Not at all important,Not at all important,Not at all important,redacted,redacted
redacted,redacted,redacted,redacted,,,,,,redacted,2,22,,Life sciences,Physical sciences,Mathematics and/or statistics,Engineering and/or computer science,Social sciences,"all areas, except we don't have a medical school",100,0,ALA-accredited master’s degree,,,Undergraduate science degree,,,"Other non-degree, non-certificate training in data, science, or specialized librarianship",Absolutely essential,Very important,Absolutely essential,Important,Important,Absolutely essential,Don't know or N/A,Slightly important,Absolutely essential,Absolutely essential,Not at all important,Slightly important,Slightly important,Absolutely essential,Slightly important,Very important,Very important,Absolutely essential,Slightly important,Very important,Important,Absolutely essential,Very important,Important,Very important,Important,Slightly important,Very important,Very important,Absolutely essential,Very important,Slightly important,Absolutely essential,Don't know or N/A,Absolutely essential,Very important,Absolutely essential,Absolutely essential,Absolutely essential,Absolutely essential,Absolutely essential,Absolutely essential,Very important,Important,Very important,Important,Slightly important,Slightly important,redacted,redacted
redacted,redacted,redacted,redacted,,,,,,redacted,9,20,Biomedical and/or health sciences,Life sciences,,,,Social sciences,,15,85,ALA-accredited master’s degree,,"Other non-ALA, non-science master’s degree",,PhD (any discipline),,"Other non-degree, non-certificate training in data, science, or specialized librarianship",Absolutely essential,Very important,Important,Very important,Very important,,Very important,Important,Slightly important,Don't know or N/A,Absolutely essential,Very important,Slightly important,Not at all important,Important,Important,Important,Important,Very important,Very important,Slightly important,Absolutely essential,Absolutely essential,Important,Not at all important,Important,Important,Absolutely essential,Not at all important,Important,Important,Not at all important,Very important,Not at all important,Slightly important,Absolutely essential,Absolutely essential,Very important,Absolutely essential,Very important,Absolutely essential,Absolutely essential,Very important,Important,Don't know or N/A,Slightly important,Very important,Very important,redacted,redacted
redacted,redacted,redacted,redacted,,,,,,redacted,0,11,Biomedical and/or health sciences,,,,,Social sciences,,75,25,ALA-accredited master’s degree,,,,PhD (any discipline),,,Very important,Very important,Very important,Absolutely essential,Absolutely essential,Very important,Absolutely essential,Very important,Important,Absolutely essential,Very important,Very important,Important,Very important,Slightly important,Very important,Very important,Absolutely essential,Slightly important,Absolutely essential,Absolutely essential,Important,Absolutely essential,Don't know or N/A,Very important,Don't know or N/A,Don't know or N/A,Don't know or N/A,,Very important,Don't know or N/A,Absolutely essential,Absolutely essential,Important,Absolutely essential,Absolutely essential,Absolutely essential,Absolutely essential,Absolutely essential,Absolutely essential,Absolutely essential,Absolutely essential,Very important,Important,Slightly important,Not at all important,Not at all important,Not at all important,redacted,redacted
redacted,redacted,redacted,redacted,,,,,,redacted,0,0,Biomedical and/or health sciences,Life sciences,,Mathematics and/or statistics,Engineering and/or computer science,,,90,10,,,,Undergraduate science degree,PhD (any discipline),,,Absolutely essential,Absolutely essential,Very important,Very important,Very important,Very important,Important,Important,Very important,Very important,Very important,Very important,Slightly important,Slightly important,Slightly important,Important,Important,Important,Important,Important,Important,Important,Important,Don't know or N/A,Don't know or N/A,Don't know or N/A,Don't know or N/A,Don't know or N/A,Don't know or N/A,Slightly important,Slightly important,Slightly important,Absolutely essential,Don't know or N/A,Don't know or N/A,Important,Absolutely essential,Absolutely essential,Very important,Absolutely essential,Absolutely essential,Absolutely essential,Very important,Don't know or N/A,Don't know or N/A,Very important,Very important,Important,redacted,redacted
redacted,redacted,redacted,redacted,,,,,,redacted,1,8,Biomedical and/or health sciences,Life sciences,Physical sciences,Mathematics and/or statistics,Engineering and/or computer science,Social sciences,,80,20,ALA-accredited master’s degree,Science master’s degree,,Undergraduate science degree,,,"Other non-degree, non-certificate training in data, science, or specialized librarianship",Absolutely essential,Absolutely essential,Very important,Important,Slightly important,Absolutely essential,Slightly important,Slightly important,Very important,Absolutely essential,Slightly important,Important,Not at all important,Not at all important,Not at all important,Slightly important,Slightly important,Slightly important,Important,Slightly important,Absolutely essential,Very important,Very important,Not at all important,Very important,Slightly important,Not at all important,Very important,Not at all important,Absolutely essential,Important,Very important,Absolutely essential,Not at all important,Absolutely essential,Very important,Absolutely essential,Very important,Absolutely essential,Absolutely essential,Very important,Absolutely essential,Very important,Slightly important,Important,Very important,Important,Not at all important,redacted,redacted
redacted,redacted,redacted,redacted,,,,,,redacted,4,6,Biomedical and/or health sciences,,,,,,,70,30,ALA-accredited master’s degree,Science master’s degree,,,,,,Very important,Very important,Very important,Slightly important,Absolutely essential,Absolutely essential,Not at all important,Important,Slightly important,Don't know or N/A,Slightly important,Important,Important,Not at all important,Important,Absolutely essential,Absolutely essential,Absolutely essential,Absolutely essential,Absolutely essential,Very important,Absolutely essential,Very important,Not at all important,Important,Not at all important,Very important,Important,Not at all important,Absolutely essential,Absolutely essential,Don't know or N/A,Absolutely essential,Not at all important,Absolutely essential,Absolutely essential,Absolutely essential,Absolutely essential,Absolutely essential,Absolutely essential,Absolutely essential,Absolutely essential,Absolutely essential,Very important,Important,Slightly important,Slightly important,Slightly important,redacted,redacted
redacted,redacted,redacted,redacted,,,,,,redacted,2,4,Biomedical and/or health sciences,,,Mathematics and/or statistics,,Social sciences,,15,85,ALA-accredited master’s degree,Science master’s degree,,Undergraduate science degree,,,"Other non-degree, non-certificate training in data, science, or specialized librarianship",Absolutely essential,Slightly important,Important,Very important,Absolutely essential,Absolutely essential,Important,Absolutely essential,Absolutely essential,Absolutely essential,Absolutely essential,Very important,Absolutely essential,Important,Very important,Absolutely essential,Absolutely essential,Absolutely essential,Absolutely essential,Absolutely essential,Absolutely essential,Absolutely essential,Absolutely essential,Very important,Important,Absolutely essential,Absolutely essential,Absolutely essential,Very important,Absolutely essential,Absolutely essential,Very important,Absolutely essential,Very important,Absolutely essential,Absolutely essential,Absolutely essential,Absolutely essential,Absolutely essential,Absolutely essential,Absolutely essential,Absolutely essential,Absolutely essential,Absolutely essential,Important,Slightly important,Slightly important,Slightly important,redacted,redacted
redacted,redacted,redacted,redacted,,,,,,redacted,5,5,Biomedical and/or health sciences,Life sciences,Physical sciences,,Engineering and/or computer science,Social sciences,"Arts, Humanities",60,40,ALA-accredited master’s degree,,"Other non-ALA, non-science master’s degree",Undergraduate science degree,,,,Absolutely essential,Very important,Very important,Very important,Important,Absolutely essential,Slightly important,Very important,Important,Absolutely essential,Important,Slightly important,Important,Very important,Slightly important,Absolutely essential,Absolutely essential,Absolutely essential,Absolutely essential,Absolutely essential,Absolutely essential,Absolutely essential,Absolutely essential,Slightly important,Important,Absolutely essential,Very important,Absolutely essential,Not at all important,Absolutely essential,Very important,Important,Absolutely essential,Not at all important,Absolutely essential,Very important,Absolutely essential,Absolutely essential,Absolutely essential,Absolutely essential,Very important,Absolutely essential,Very important,Absolutely essential,Very important,Not at all important,Not at all important,Not at all important,redacted,redacted
redacted,redacted,redacted,redacted,,,,,,redacted,2,18,Biomedical and/or health sciences,Life sciences,Physical sciences,,Engineering and/or computer science,,,25,75,ALA-accredited master’s degree,Science master’s degree,,,,,"Other non-degree, non-certificate training in data, science, or specialized librarianship",Absolutely essential,,Very important,Very important,Very important,Very important,Important,Important,Absolutely essential,Very important,Very important,Very important,Very important,Slightly important,Important,Very important,Important,Important,Absolutely essential,Absolutely essential,Absolutely essential,Absolutely essential,Absolutely essential,Slightly important,Slightly important,Very important,Absolutely essential,Important,Slightly important,Important,Important,Important,Absolutely essential,Not at all important,Absolutely essential,Very important,Important,Absolutely essential,Absolutely essential,Absolutely essential,Absolutely essential,Absolutely essential,Important,Don't know or N/A,Don't know or N/A,Don't know or N/A,Don't know or N/A,Don't know or N/A,redacted,redacted
redacted,redacted,redacted,redacted,,,,,,redacted,1,6,Biomedical and/or health sciences,,,,,,,5,95,ALA-accredited master’s degree,,,,,,,Slightly important,Slightly important,Not at all important,Important,Important,Important,Slightly important,Slightly important,Absolutely essential,Important,Important,Not at all important,Not at all important,Not at all important,Not at all important,Important,Important,Important,Important,Slightly important,Very important,Very important,Important,Not at all important,Important,Important,Very important,Absolutely essential,Not at all important,Slightly important,Important,Not at all important,Absolutely essential,Not at all important,Important,Not at all important,Very important,Important,Very important,Very important,Important,Important,Slightly important,Absolutely essential,Important,Not at all important,Not at all important,Not at all important,redacted,redacted
redacted,redacted,redacted,redacted,,,,,,redacted,2,5,,,,Mathematics and/or statistics,,Social sciences,"Humanities (I know it's not a ""science,"" but I support their data-related projects)",50,50,ALA-accredited master’s degree,,"Other non-ALA, non-science master’s degree",,,,"Other non-degree, non-certificate training in data, science, or specialized librarianship",Important,Important,Important,Absolutely essential,Don't know or N/A,Absolutely essential,Important,Absolutely essential,Very important,Absolutely essential,Absolutely essential,Very important,Very important,Important,Very important,Important,Absolutely essential,Important,Very important,Slightly important,Important,Absolutely essential,Very important,Important,Important,Absolutely essential,Absolutely essential,Important,Not at all important,Absolutely essential,Absolutely essential,Not at all important,Absolutely essential,Don't know or N/A,Absolutely essential,Important,Absolutely essential,Absolutely essential,Very important,Very important,Important,Absolutely essential,Important,Very important,Important,Not at all important,Not at all important,Not at all important,redacted,redacted
redacted,redacted,redacted,redacted,,,,,,redacted,0,6,Biomedical and/or health sciences,Life sciences,,,,,,90,10,ALA-accredited master’s degree,,"Other non-ALA, non-science master’s degree",,,,,Absolutely essential,Important,Important,Absolutely essential,Absolutely essential,Absolutely essential,Important,Important,Absolutely essential,Absolutely essential,Absolutely essential,Important,Important,Absolutely essential,Important,Absolutely essential,Absolutely essential,Absolutely essential,Absolutely essential,Absolutely essential,Absolutely essential,Absolutely essential,Absolutely essential,Slightly important,Important,Slightly important,Slightly important,Slightly important,Slightly important,Absolutely essential,Slightly important,Slightly important,Absolutely essential,Absolutely essential,Absolutely essential,Absolutely essential,Important,Important,Absolutely essential,Very important,Absolutely essential,Absolutely essential,Absolutely essential,Absolutely essential,Important,Important,Slightly important,Slightly important,redacted,redacted
redacted,redacted,redacted,redacted,,,,,,redacted,1,6,Biomedical and/or health sciences,Life sciences,,,,,,80,20,ALA-accredited master’s degree,,,,,Specialized librarianship certification (such as data or medical library certification),"Other non-degree, non-certificate training in data, science, or specialized librarianship",Slightly important,Slightly important,Slightly important,Important,Important,Important,Important,Very important,Slightly important,Very important,Very important,Very important,Important,Slightly important,Slightly important,Important,Very important,Absolutely essential,Important,Important,Very important,Very important,Important,Slightly important,Important,Important,Important,Slightly important,Not at all important,Important,Very important,Slightly important,Absolutely essential,Not at all important,Absolutely essential,Very important,Very important,Very important,Absolutely essential,Absolutely essential,Important,Absolutely essential,Very important,Slightly important,Slightly important,Slightly important,Slightly important,Important,redacted,redacted
redacted,redacted,redacted,redacted,,,,,,redacted,5,5,Biomedical and/or health sciences,,,,,,,5,95,ALA-accredited master’s degree,Science master’s degree,,Undergraduate science degree,,Specialized librarianship certification (such as data or medical library certification),,Slightly important,Slightly important,Don't know or N/A,Very important,Slightly important,Slightly important,Very important,Slightly important,Slightly important,Don't know or N/A,Slightly important,Don't know or N/A,Don't know or N/A,Don't know or N/A,Don't know or N/A,Slightly important,Slightly important,Slightly important,Important,Slightly important,Slightly important,Slightly important,Slightly important,Slightly important,Slightly important,Slightly important,Slightly important,Slightly important,Don't know or N/A,Slightly important,Slightly important,Slightly important,Important,Not at all important,Very important,Very important,Very important,Slightly important,Very important,Very important,Very important,Very important,Important,Slightly important,Important,Important,Important,Don't know or N/A,redacted,redacted
redacted,redacted,redacted,redacted,,,,,,redacted,0,11,Biomedical and/or health sciences,,,,,,,75,25,ALA-accredited master’s degree,,,,,,"Other non-degree, non-certificate training in data, science, or specialized librarianship",Absolutely essential,Important,Important,Important,Important,Important,Important,Absolutely essential,Absolutely essential,Very important,Very important,Important,Slightly important,Slightly important,Slightly important,Important,Important,Very important,Not at all important,Not at all important,Very important,Very important,Not at all important,Slightly important,Slightly important,Slightly important,Important,Important,Slightly important,Very important,Slightly important,Not at all important,Absolutely essential,Slightly important,Absolutely essential,Slightly important,Important,Very important,Absolutely essential,Absolutely essential,Important,Absolutely essential,Important,Slightly important,Very important,Slightly important,Slightly important,Not at all important,redacted,redacted
redacted,redacted,redacted,redacted,,,,,,redacted,2,4,Biomedical and/or health sciences,Life sciences,Physical sciences,,Engineering and/or computer science,,,10,90,ALA-accredited master’s degree,,,,,,"Other non-degree, non-certificate training in data, science, or specialized librarianship",Very important,Slightly important,Slightly important,Absolutely essential,Very important,Very important,Very important,Important,Slightly important,Important,Very important,Slightly important,Slightly important,Important,Not at all important,Absolutely essential,Absolutely essential,Absolutely essential,Absolutely essential,Absolutely essential,Absolutely essential,Absolutely essential,Absolutely essential,Slightly important,Important,Slightly important,Very important,Important,Not at all important,Very important,Absolutely essential,Not at all important,Absolutely essential,Not at all important,Absolutely essential,Important,Important,Absolutely essential,Absolutely essential,Absolutely essential,Absolutely essential,Absolutely essential,Important,Absolutely essential,Slightly important,Important,Not at all important,Not at all important,redacted,redacted
redacted,redacted,redacted,redacted,,,,,,redacted,4,4,Biomedical and/or health sciences,Life sciences,Physical sciences,Mathematics and/or statistics,Engineering and/or computer science,Social sciences,all of them,100,,ALA-accredited master’s degree,,,Undergraduate science degree,,,"Other non-degree, non-certificate training in data, science, or specialized librarianship",Absolutely essential,Absolutely essential,Very important,Slightly important,Very important,Absolutely essential,Very important,Very important,Very important,Absolutely essential,Very important,Very important,Important,Very important,Very important,Important,Important,Important,Very important,Very important,Very important,Very important,Very important,Slightly important,Slightly important,Slightly important,Slightly important,Important,Slightly important,Important,Important,Important,Absolutely essential,Not at all important,Very important,Important,Absolutely essential,Absolutely essential,Absolutely essential,Absolutely essential,Absolutely essential,Absolutely essential,Absolutely essential,Slightly important,Slightly important,Slightly important,Slightly important,Slightly important,redacted,redacted
redacted,redacted,redacted,redacted,,,,,,redacted,2,5,Biomedical and/or health sciences,Life sciences,Physical sciences,Mathematics and/or statistics,Engineering and/or computer science,Social sciences,Arts and Humanities,100,0,ALA-accredited master’s degree,,,,,,,Very important,Absolutely essential,Important,Important,Important,Very important,Slightly important,Important,Absolutely essential,Absolutely essential,Slightly important,Slightly important,Important,Important,Slightly important,Slightly important,Very important,Very important,Slightly important,Slightly important,Important,Absolutely essential,Very important,Not at all important,Slightly important,Not at all important,Slightly important,Absolutely essential,Not at all important,Absolutely essential,Very important,Important,Absolutely essential,Not at all important,Important,Very important,Absolutely essential,Absolutely essential,Absolutely essential,Absolutely essential,Very important,Absolutely essential,Very important,Important,Important,Slightly important,Slightly important,Slightly important,redacted,redacted
redacted,redacted,redacted,redacted,,,,,,redacted,6,6,,,Physical sciences,,Engineering and/or computer science,,,90,10,ALA-accredited master’s degree,,,Undergraduate science degree,PhD (any discipline),,,Very important,Absolutely essential,Absolutely essential,Don't know or N/A,Don't know or N/A,Absolutely essential,Not at all important,Important,Very important,Absolutely essential,Slightly important,Important,Slightly important,Slightly important,Slightly important,Important,Very important,Very important,Don't know or N/A,Slightly important,Important,Absolutely essential,Important,Not at all important,Very important,Important,Slightly important,Very important,Important,Absolutely essential,Slightly important,Slightly important,Absolutely essential,Don't know or N/A,Absolutely essential,Very important,Absolutely essential,Very important,Absolutely essential,Absolutely essential,Important,Absolutely essential,Very important,Slightly important,Very important,Slightly important,Slightly important,Slightly important,redacted,redacted
redacted,redacted,redacted,redacted,,,,,,redacted,1,20,Biomedical and/or health sciences,Life sciences,Physical sciences,Mathematics and/or statistics,Engineering and/or computer science,Social sciences,,80,20,,Science master’s degree,,Undergraduate science degree,,,,Absolutely essential,Absolutely essential,Very important,Important,Important,Absolutely essential,Not at all important,Slightly important,Absolutely essential,Absolutely essential,Important,Important,Important,Very important,Important,Important,Important,Important,Very important,Very important,Very important,Absolutely essential,Absolutely essential,Very important,Absolutely essential,Important,Important,Absolutely essential,Don't know or N/A,Absolutely essential,Important,Important,Absolutely essential,Don't know or N/A,Absolutely essential,Very important,Absolutely essential,Very important,Absolutely essential,Absolutely essential,Very important,Very important,Absolutely essential,Absolutely essential,Important,Important,Important,Not at all important,redacted,redacted
redacted,redacted,redacted,redacted,,,,,,redacted,2,4,Biomedical and/or health sciences,,,,,,,10,90,ALA-accredited master’s degree,,,,,Specialized librarianship certification (such as data or medical library certification),,Very important,Very important,Very important,,Very important,Very important,Important,Very important,Very important,Very important,Absolutely essential,Slightly important,Important,Important,Very important,Important,Very important,Very important,Very important,,Very important,Slightly important,,Important,Important,Important,Important,Important,Not at all important,Important,Important,Slightly important,Absolutely essential,Not at all important,Very important,Very important,Absolutely essential,Absolutely essential,Absolutely essential,Absolutely essential,Absolutely essential,Absolutely essential,,,Very important,Very important,Slightly important,Slightly important,redacted,redacted
redacted,redacted,redacted,redacted,,,,,,redacted,3,4,Biomedical and/or health sciences,Life sciences,Physical sciences,Mathematics and/or statistics,Engineering and/or computer science,Social sciences,,25,75,ALA-accredited master’s degree,,,,,,"Other non-degree, non-certificate training in data, science, or specialized librarianship",Absolutely essential,Slightly important,Important,Very important,Slightly important,Absolutely essential,Not at all important,Important,Slightly important,Important,Important,Important,Very important,Not at all important,Not at all important,Very important,Very important,Important,Absolutely essential,Absolutely essential,Absolutely essential,Absolutely essential,Absolutely essential,Slightly important,Important,Absolutely essential,Slightly important,Very important,Not at all important,Very important,Very important,Important,Very important,Not at all important,Absolutely essential,Slightly important,Absolutely essential,Very important,Very important,Very important,Absolutely essential,Very important,Very important,Important,Not at all important,Not at all important,Not at all important,Not at all important,redacted,redacted
redacted,redacted,redacted,redacted,,,,,,redacted,1,6,Biomedical and/or health sciences,,,,,,,80,20,ALA-accredited master’s degree,Science master’s degree,,Undergraduate science degree,PhD (any discipline),,"Other non-degree, non-certificate training in data, science, or specialized librarianship",Important,Very important,Very important,Very important,Important,Absolutely essential,Not at all important,Very important,Slightly important,Absolutely essential,Not at all important,Very important,Slightly important,Not at all important,Not at all important,Absolutely essential,Absolutely essential,Important,Absolutely essential,Absolutely essential,Absolutely essential,Very important,Absolutely essential,Not at all important,Slightly important,Not at all important,Not at all important,Slightly important,Not at all important,Important,Not at all important,Not at all important,Absolutely essential,Not at all important,Important,Absolutely essential,Important,Absolutely essential,Absolutely essential,Absolutely essential,Absolutely essential,Absolutely essential,Absolutely essential,Important,Important,Absolutely essential,Absolutely essential,Absolutely essential,redacted,redacted
redacted,redacted,redacted,redacted,,,,,,redacted,4,6,,Life sciences,Physical sciences,,Engineering and/or computer science,,,25,75,ALA-accredited master’s degree,,,Undergraduate science degree,,,"Other non-degree, non-certificate training in data, science, or specialized librarianship",Absolutely essential,Absolutely essential,Important,Very important,Slightly important,Absolutely essential,Not at all important,Very important,Very important,Absolutely essential,Very important,Slightly important,Important,Slightly important,Very important,,,,Very important,Very important,Very important,Absolutely essential,Very important,Important,Important,Very important,Very important,Absolutely essential,Slightly important,Absolutely essential,Very important,Slightly important,Absolutely essential,Not at all important,Very important,Absolutely essential,Very important,Very important,Absolutely essential,Absolutely essential,Very important,Absolutely essential,Absolutely essential,Very important,Important,Important,Slightly important,Slightly important,redacted,redacted
redacted,redacted,redacted,redacted,,,,,,redacted,3,3,Biomedical and/or health sciences,Life sciences,Physical sciences,Mathematics and/or statistics,Engineering and/or computer science,Social sciences,,80,20,ALA-accredited master’s degree,Science master’s degree,,Undergraduate science degree,,,,Absolutely essential,Absolutely essential,Very important,Absolutely essential,Absolutely essential,Absolutely essential,Very important,Absolutely essential,Absolutely essential,Absolutely essential,Absolutely essential,Absolutely essential,Absolutely essential,Absolutely essential,Absolutely essential,Absolutely essential,Very important,Absolutely essential,Absolutely essential,Absolutely essential,Absolutely essential,Absolutely essential,Absolutely essential,Absolutely essential,Very important,Very important,Very important,Absolutely essential,Absolutely essential,Absolutely essential,Absolutely essential,Very important,Absolutely essential,Slightly important,Absolutely essential,Very important,Absolutely essential,Absolutely essential,Absolutely essential,Absolutely essential,Absolutely essential,Absolutely essential,,Slightly important,Very important,Absolutely essential,Very important,Important,redacted,redacted
redacted,redacted,redacted,redacted,,,,,,redacted,3,5,,,,,,,,,,,,,,,,,,,,,,,,,,,,,,,,,,,,,,,,,,,,,,,,,,,,,,,,,,,,,,,,,redacted,redacted
redacted,redacted,redacted,redacted,,,,,,redacted,9,11,Biomedical and/or health sciences,,,,,,,75,25,ALA-accredited master’s degree,,,,,,,Absolutely essential,Absolutely essential,Very important,Very important,Very important,Absolutely essential,Important,Very important,Very important,Very important,Important,Important,Slightly important,Important,Important,Important,Important,Very important,Very important,Very important,Very important,Very important,Very important,Important,Important,Important,Important,Very important,Important,Important,Important,Slightly important,Absolutely essential,Very important,Important,Important,Very important,Important,Important,Absolutely essential,Very important,Very important,Very important,Important,Important,Important,Important,Important,redacted,redacted
redacted,redacted,redacted,redacted,,,,,,redacted,1,5,Biomedical and/or health sciences,,,Mathematics and/or statistics,Engineering and/or computer science,,,80,20,ALA-accredited master’s degree,Science master’s degree,,Undergraduate science degree,,,"Other non-degree, non-certificate training in data, science, or specialized librarianship",Very important,Slightly important,Important,Absolutely essential,Absolutely essential,Absolutely essential,Very important,Absolutely essential,Slightly important,Absolutely essential,Very important,Very important,Very important,Important,Very important,Absolutely essential,Absolutely essential,Absolutely essential,Absolutely essential,Absolutely essential,Very important,Absolutely essential,Very important,Slightly important,Absolutely essential,Absolutely essential,Absolutely essential,Absolutely essential,Important,Very important,Very important,Very important,Absolutely essential,Not at all important,Absolutely essential,Important,Absolutely essential,Very important,Absolutely essential,Absolutely essential,Absolutely essential,Absolutely essential,Very important,Important,Important,Important,Important,Not at all important,redacted,redacted
redacted,redacted,redacted,redacted,,,,,,redacted,1,1,Biomedical and/or health sciences,,,,,Social sciences,public health,25,75,ALA-accredited master’s degree,,,,,,"Other non-degree, non-certificate training in data, science, or specialized librarianship",Important,Important,Slightly important,Slightly important,Not at all important,Very important,Slightly important,Important,Not at all important,Very important,Slightly important,Slightly important,Slightly important,Important,Very important,Absolutely essential,Absolutely essential,Absolutely essential,Absolutely essential,Absolutely essential,Absolutely essential,Absolutely essential,Very important,Very important,Slightly important,Absolutely essential,Absolutely essential,Absolutely essential,Slightly important,Absolutely essential,Absolutely essential,Slightly important,Absolutely essential,Don't know or N/A,Very important,Important,Absolutely essential,Very important,Absolutely essential,Absolutely essential,Absolutely essential,Absolutely essential,Very important,Important,Slightly important,Slightly important,Slightly important,Slightly important,redacted,redacted
redacted,redacted,redacted,redacted,,,,,,redacted,1,3,Biomedical and/or health sciences,,,,,,,10,90,ALA-accredited master’s degree,,"Other non-ALA, non-science master’s degree",Undergraduate science degree,,,,Very important,Very important,Don't know or N/A,Important,Don't know or N/A,Very important,Don't know or N/A,Important,Don't know or N/A,Very important,Important,Slightly important,Very important,Not at all important,Don't know or N/A,Slightly important,Slightly important,Important,Important,Don't know or N/A,Important,Important,Important,Very important,Important,Important,Very important,Don't know or N/A,Not at all important,Important,Important,Don't know or N/A,Important,Slightly important,Important,Absolutely essential,Slightly important,Important,Important,Important,Very important,Very important,Important,Absolutely essential,,Absolutely essential,Absolutely essential,Absolutely essential,redacted,redacted
redacted,redacted,redacted,redacted,,,,,,redacted,1,1,Biomedical and/or health sciences,Life sciences,Physical sciences,Mathematics and/or statistics,Engineering and/or computer science,Social sciences,,90,10,,Science master’s degree,,Undergraduate science degree,,,,Very important,Very important,Slightly important,Slightly important,Not at all important,Absolutely essential,Slightly important,Slightly important,Absolutely essential,Absolutely essential,Slightly important,Very important,Slightly important,Slightly important,Not at all important,Important,Important,Important,Important,Not at all important,Slightly important,Very important,Slightly important,Not at all important,Not at all important,Not at all important,Not at all important,Slightly important,Not at all important,Absolutely essential,Not at all important,Slightly important,Absolutely essential,Not at all important,Important,Slightly important,Absolutely essential,Absolutely essential,Very important,Important,Very important,Absolutely essential,Absolutely essential,Not at all important,Not at all important,Very important,Very important,Important,redacted,redacted
redacted,redacted,redacted,redacted,,,,,,redacted,7,24,Biomedical and/or health sciences,Life sciences,Physical sciences,Mathematics and/or statistics,Engineering and/or computer science,Social sciences,,100,,ALA-accredited master’s degree,,"Other non-ALA, non-science master’s degree",,,,"Other non-degree, non-certificate training in data, science, or specialized librarianship",Absolutely essential,Absolutely essential,Absolutely essential,Important,Important,Absolutely essential,Slightly important,Absolutely essential,Absolutely essential,Absolutely essential,Very important,Very important,Absolutely essential,Important,Absolutely essential,Very important,Very important,Very important,Very important,Important,Very important,Absolutely essential,Very important,Very important,Very important,Very important,Very important,Absolutely essential,Slightly important,Absolutely essential,Important,Important,Absolutely essential,Slightly important,Absolutely essential,Important,Very important,Very important,Very important,Very important,Very important,Absolutely essential,Very important,Very important,Slightly important,Slightly important,Slightly important,Slightly important,redacted,redacted
redacted,redacted,redacted,redacted,,,,,,redacted,4,4,,Life sciences,Physical sciences,Mathematics and/or statistics,Engineering and/or computer science,Social sciences,Humanities,100,0,ALA-accredited master’s degree,,,Undergraduate science degree,PhD (any discipline),,,Very important,Very important,Slightly important,Slightly important,Not at all important,Absolutely essential,Not at all important,Very important,Important,Absolutely essential,Slightly important,Not at all important,Slightly important,Important,Slightly important,Slightly important,Slightly important,Important,Important,Very important,Absolutely essential,Absolutely essential,Absolutely essential,Not at all important,Very important,Important,Not at all important,Very important,Not at all important,Very important,Slightly important,Slightly important,Absolutely essential,Don't know or N/A,Absolutely essential,Important,Very important,Important,Very important,Very important,Very important,Absolutely essential,Important,Important,Slightly important,Slightly important,Slightly important,Slightly important,redacted,redacted
redacted,redacted,redacted,redacted,,,,,,redacted,1,4,,,Physical sciences,Mathematics and/or statistics,Engineering and/or computer science,Social sciences,Humanities,90,10,ALA-accredited master’s degree,,,Undergraduate science degree,,,,Absolutely essential,Very important,Important,Important,Not at all important,Absolutely essential,Not at all important,Important,Important,Absolutely essential,Important,Slightly important,Slightly important,Important,Important,Very important,Very important,Very important,Don't know or N/A,Very important,Absolutely essential,Absolutely essential,Absolutely essential,Not at all important,Very important,Slightly important,Slightly important,Not at all important,Not at all important,Absolutely essential,Slightly important,Important,Absolutely essential,Don't know or N/A,Absolutely essential,Slightly important,Absolutely essential,Absolutely essential,Absolutely essential,Absolutely essential,Absolutely essential,Absolutely essential,Absolutely essential,Important,Slightly important,Important,Slightly important,Not at all important,redacted,redacted
redacted,redacted,redacted,redacted,,,,,,redacted,1,12,Biomedical and/or health sciences,Life sciences,Physical sciences,Mathematics and/or statistics,Engineering and/or computer science,Social sciences,,100,,ALA-accredited master’s degree,,,,,Specialized librarianship certification (such as data or medical library certification),"Other non-degree, non-certificate training in data, science, or specialized librarianship",Absolutely essential,Absolutely essential,Important,Very important,Not at all important,Absolutely essential,Important,Absolutely essential,Absolutely essential,Absolutely essential,Absolutely essential,Absolutely essential,Absolutely essential,Absolutely essential,Absolutely essential,Very important,Very important,Very important,Very important,Very important,Absolutely essential,Absolutely essential,Absolutely essential,Absolutely essential,Absolutely essential,Absolutely essential,Important,Important,Slightly important,Absolutely essential,Important,Slightly important,Very important,Don't know or N/A,Absolutely essential,Absolutely essential,Very important,Very important,Very important,Very important,Very important,Very important,Very important,Very important,Very important,Important,Important,Not at all important,redacted,redacted
redacted,redacted,redacted,redacted,,,,,,redacted,17,24,Biomedical and/or health sciences,Life sciences,Physical sciences,,Engineering and/or computer science,Social sciences,Humanities,90,10,ALA-accredited master’s degree,,"Other non-ALA, non-science master’s degree",,,,,Absolutely essential,Absolutely essential,Important,Slightly important,Slightly important,Absolutely essential,Not at all important,Absolutely essential,Slightly important,Absolutely essential,Absolutely essential,Absolutely essential,Absolutely essential,Absolutely essential,Absolutely essential,Important,Important,Very important,Absolutely essential,Very important,Absolutely essential,Absolutely essential,Very important,Absolutely essential,Important,Absolutely essential,Not at all important,Very important,Not at all important,Absolutely essential,Not at all important,Important,Absolutely essential,Don't know or N/A,Absolutely essential,Important,Absolutely essential,Absolutely essential,Absolutely essential,Absolutely essential,Absolutely essential,Absolutely essential,Very important,Absolutely essential,Slightly important,Not at all important,Not at all important,Not at all important,redacted,redacted
redacted,redacted,redacted,redacted,,,,,,redacted,3,3,Biomedical and/or health sciences,,,Mathematics and/or statistics,,,,25,75,,Science master’s degree,,,PhD (any discipline),,,Slightly important,Slightly important,Not at all important,Absolutely essential,Slightly important,Important,Absolutely essential,Absolutely essential,Important,Important,Absolutely essential,Very important,Very important,Very important,Slightly important,Important,Important,Very important,Absolutely essential,Absolutely essential,Absolutely essential,Absolutely essential,Important,Not at all important,Important,Important,Important,Important,Not at all important,Very important,Important,Important,Absolutely essential,Not at all important,Slightly important,Absolutely essential,Very important,Absolutely essential,Absolutely essential,Absolutely essential,Absolutely essential,Very important,Very important,Not at all important,Slightly important,Very important,Very important,Very important,redacted,redacted
redacted,redacted,redacted,redacted,,,,,,redacted,14,15,,,Physical sciences,,Engineering and/or computer science,,,40,60,ALA-accredited master’s degree,,,,,,,Slightly important,Important,Important,Important,Slightly important,Very important,Very important,Very important,Absolutely essential,Absolutely essential,Very important,Important,Important,Slightly important,Important,Very important,Very important,Very important,Absolutely essential,Absolutely essential,Absolutely essential,Absolutely essential,Absolutely essential,Very important,Absolutely essential,Not at all important,Important,Absolutely essential,Not at all important,Absolutely essential,Very important,Important,Absolutely essential,Not at all important,Absolutely essential,Absolutely essential,Absolutely essential,Absolutely essential,Very important,Very important,Absolutely essential,Absolutely essential,Very important,Very important,Slightly important,Important,Slightly important,Not at all important,redacted,redacted
redacted,redacted,redacted,redacted,,,,,,redacted,1,1,Biomedical and/or health sciences,Life sciences,Physical sciences,,,Social sciences,humanities,25,75,ALA-accredited master’s degree,,,,,,,Absolutely essential,Very important,Important,Absolutely essential,Very important,Very important,Absolutely essential,Very important,Absolutely essential,Important,Absolutely essential,Very important,Very important,Important,Absolutely essential,Important,Very important,Absolutely essential,Very important,Slightly important,Absolutely essential,Absolutely essential,Absolutely essential,Important,Absolutely essential,Very important,Slightly important,Slightly important,Slightly important,Absolutely essential,Absolutely essential,Slightly important,Absolutely essential,Not at all important,Absolutely essential,Slightly important,Absolutely essential,Absolutely essential,Absolutely essential,Absolutely essential,Absolutely essential,Absolutely essential,Absolutely essential,Very important,Very important,Not at all important,Not at all important,Not at all important,redacted,redacted
redacted,redacted,redacted,redacted,,,,,,redacted,1,10,Biomedical and/or health sciences,Life sciences,Physical sciences,Mathematics and/or statistics,Engineering and/or computer science,Social sciences,Whatever comes at me,90,10,ALA-accredited master’s degree,,,,,Specialized librarianship certification (such as data or medical library certification),,Very important,Very important,Slightly important,Don't know or N/A,Slightly important,Absolutely essential,Not at all important,Slightly important,Very important,Absolutely essential,Not at all important,Slightly important,Slightly important,Very important,Not at all important,Important,Very important,Very important,Slightly important,Very important,Very important,Very important,Very important,Slightly important,Slightly important,Important,Important,Absolutely essential,Important,Important,Important,Important,Absolutely essential,Don't know or N/A,Very important,Important,Absolutely essential,Absolutely essential,Absolutely essential,Important,Absolutely essential,Absolutely essential,Very important,Important,Important,Not at all important,Not at all important,Not at all important,redacted,redacted
redacted,redacted,redacted,redacted,,,,,,redacted,31,36,Biomedical and/or health sciences,,,,,,,45,55,ALA-accredited master’s degree,,,,,,,,,,,,,,,,,,,,,,,,,,,,,,,,,,,,,,,,,,,,,,,,,,,,,,,redacted,redacted
redacted,redacted,redacted,redacted,,,,,,redacted,1,4,,Life sciences,,,,,,25,75,,,,,PhD (any discipline),,"Other non-degree, non-certificate training in data, science, or specialized librarianship",Absolutely essential,Absolutely essential,Absolutely essential,Absolutely essential,Not at all important,Absolutely essential,Not at all important,Very important,Very important,Very important,Important,Very important,Important,Very important,Slightly important,Not at all important,Very important,Slightly important,Slightly important,Not at all important,Slightly important,Absolutely essential,Slightly important,Absolutely essential,Not at all important,Absolutely essential,Very important,Very important,Important,Important,Not at all important,Slightly important,Absolutely essential,Don't know or N/A,Very important,Not at all important,Absolutely essential,Absolutely essential,Absolutely essential,Very important,Important,Absolutely essential,Very important,Not at all important,Slightly important,Very important,Very important,Important,redacted,redacted
redacted,redacted,redacted,redacted,,,,,,redacted,2,6,,,Physical sciences,,Engineering and/or computer science,,,50,50,ALA-accredited master’s degree,,,,,,,Absolutely essential,Very important,Important,Very important,Slightly important,Absolutely essential,Important,Important,Very important,Absolutely essential,Very important,Slightly important,Slightly important,Very important,Slightly important,Absolutely essential,Absolutely essential,Absolutely essential,Important,Very important,Absolutely essential,Absolutely essential,Absolutely essential,Very important,Absolutely essential,Very important,Very important,Very important,Not at all important,Absolutely essential,Absolutely essential,Not at all important,Absolutely essential,Don't know or N/A,Absolutely essential,Very important,Absolutely essential,Very important,Absolutely essential,Absolutely essential,Absolutely essential,Absolutely essential,Important,Slightly important,Very important,Slightly important,Slightly important,Not at all important,redacted,redacted
redacted,redacted,redacted,redacted,,,,,,redacted,4,4,,,,,,,I've worked in data services where we (ostensibily) support all researchers!,100,0,,,,,PhD (any discipline),,,Absolutely essential,Absolutely essential,Important,Very important,Very important,Very important,Important,Very important,Absolutely essential,Absolutely essential,Very important,Very important,Very important,Absolutely essential,Very important,Absolutely essential,Absolutely essential,Very important,Very important,Very important,Absolutely essential,Absolutely essential,Very important,Very important,Very important,Important,Don't know or N/A,Important,Not at all important,Very important,Very important,Very important,Absolutely essential,Don't know or N/A,Absolutely essential,Slightly important,Absolutely essential,Absolutely essential,Absolutely essential,Absolutely essential,Very important,Absolutely essential,Very important,Don't know or N/A,Don't know or N/A,Don't know or N/A,Don't know or N/A,Don't know or N/A,redacted,redacted
redacted,redacted,redacted,redacted,,,,,,redacted,0,4,Biomedical and/or health sciences,,,,,,,20,80,ALA-accredited master’s degree,,"Other non-ALA, non-science master’s degree",Undergraduate science degree,PhD (any discipline),,,,,,,,,,,,,,,,,,,,,,,,,,,,,,,,,,,,,,,,,,,,,,,,,,,redacted,redacted
redacted,redacted,redacted,redacted,,,,,,redacted,6,11,Biomedical and/or health sciences,Life sciences,,,,,,20,80,ALA-accredited master’s degree,,,,,,"Other non-degree, non-certificate training in data, science, or specialized librarianship",Absolutely essential,Absolutely essential,Very important,Very important,Important,Absolutely essential,Important,Very important,Important,Absolutely essential,Important,Slightly important,Slightly important,Not at all important,Slightly important,Important,Important,Very important,Very important,Very important,Important,Absolutely essential,Important,Slightly important,Important,Important,Very important,Very important,Not at all important,Very important,Very important,Not at all important,Absolutely essential,Not at all important,Absolutely essential,Absolutely essential,Absolutely essential,Absolutely essential,Absolutely essential,Absolutely essential,Very important,Very important,Very important,Absolutely essential,Not at all important,Not at all important,Not at all important,Not at all important,redacted,redacted
redacted,redacted,redacted,redacted,,,,,,redacted,12,14,,Life sciences,,,,,,20,80,ALA-accredited master’s degree,Science master’s degree,,,,,,Absolutely essential,Very important,Important,Very important,Slightly important,Very important,Important,Important,Very important,Absolutely essential,Important,Important,Slightly important,Not at all important,Slightly important,Important,Important,Important,Very important,Slightly important,Important,Very important,Very important,Absolutely essential,Very important,Important,Important,,Slightly important,Very important,Very important,Important,Very important,Slightly important,Important,Slightly important,Absolutely essential,Very important,Absolutely essential,Absolutely essential,Very important,Very important,Important,Very important,Slightly important,Very important,Important,Slightly important,redacted,redacted
redacted,redacted,redacted,redacted,,,,,,redacted,8,16,Biomedical and/or health sciences,Life sciences,,,,,Institutional (data about research not research data),50,50,ALA-accredited master’s degree,,,,PhD (any discipline),,,Slightly important,Important,Slightly important,Important,Important,Very important,Absolutely essential,Absolutely essential,Not at all important,Important,Very important,Absolutely essential,Very important,Not at all important,Important,Important,Important,Important,Very important,Important,Slightly important,Absolutely essential,Slightly important,Slightly important,Important,Slightly important,Not at all important,Important,Not at all important,Important,Important,Slightly important,Absolutely essential,Not at all important,Important,Absolutely essential,Absolutely essential,Absolutely essential,Very important,Very important,Very important,Absolutely essential,Very important,Not at all important,Important,Important,Very important,Very important,redacted,redacted
redacted,redacted,redacted,redacted,,,,,,redacted,1,11,Biomedical and/or health sciences,Life sciences,Physical sciences,Mathematics and/or statistics,Engineering and/or computer science,Social sciences,,75,25,ALA-accredited master’s degree,Science master’s degree,,Undergraduate science degree,,,,Absolutely essential,Very important,Important,Important,Important,Very important,Very important,Very important,Absolutely essential,Absolutely essential,Very important,Important,Important,Slightly important,Very important,Absolutely essential,Absolutely essential,Absolutely essential,Absolutely essential,Very important,Absolutely essential,Absolutely essential,Very important,Important,Important,Don't know or N/A,Important,Very important,Not at all important,Absolutely essential,Very important,Slightly important,Absolutely essential,Slightly important,Very important,Very important,Absolutely essential,Very important,Absolutely essential,Very important,Absolutely essential,Important,Absolutely essential,Very important,Important,Slightly important,Very important,Very important,redacted,redacted
redacted,redacted,redacted,redacted,,,,,,redacted,12,13,Biomedical and/or health sciences,,,,,,,70,30,ALA-accredited master’s degree,,,,,,,Important,Important,Slightly important,Very important,Very important,Important,Important,Slightly important,Important,Slightly important,Important,Slightly important,Slightly important,Important,Slightly important,Slightly important,Slightly important,Slightly important,Important,Slightly important,Slightly important,Important,Important,Important,Important,Important,Important,Important,Important,Important,Important,Important,Important,Slightly important,Important,Important,Important,Important,Important,Important,Important,Important,Important,Important,Important,Important,Important,Important,redacted,redacted
redacted,redacted,redacted,redacted,,,,,,redacted,5,36,Biomedical and/or health sciences,,,,,,,25,75,ALA-accredited master’s degree,,,,,,,Absolutely essential,Very important,Absolutely essential,Absolutely essential,Very important,Very important,Very important,Very important,Absolutely essential,Absolutely essential,Very important,Important,Important,Slightly important,Important,Important,Important,Very important,Very important,Absolutely essential,Absolutely essential,Absolutely essential,Absolutely essential,Important,Absolutely essential,Absolutely essential,Absolutely essential,Absolutely essential,Slightly important,Very important,Very important,Very important,Absolutely essential,Not at all important,Absolutely essential,Absolutely essential,Absolutely essential,Absolutely essential,Absolutely essential,Absolutely essential,Absolutely essential,Absolutely essential,Very important,Absolutely essential,Important,Important,Slightly important,Not at all important,redacted,redacted
redacted,redacted,redacted,redacted,,,,,,redacted,2,2,Biomedical and/or health sciences,,,,,,,65,35,ALA-accredited master’s degree,,,,,,,Slightly important,Important,Slightly important,Important,Important,Important,Not at all important,Important,Not at all important,Very important,Very important,Important,Very important,Not at all important,Not at all important,Very important,Very important,Very important,Slightly important,Very important,Slightly important,Absolutely essential,Slightly important,Not at all important,Not at all important,Very important,Absolutely essential,Slightly important,Not at all important,Very important,Very important,Not at all important,Absolutely essential,Not at all important,Very important,Very important,Absolutely essential,Very important,Very important,Very important,Absolutely essential,Absolutely essential,Important,Absolutely essential,Not at all important,Not at all important,Not at all important,Not at all important,redacted,redacted
redacted,redacted,redacted,redacted,,,,,,redacted,14,17,Biomedical and/or health sciences,,,,,,,10,90,ALA-accredited master’s degree,,,,,Specialized librarianship certification (such as data or medical library certification),"Other non-degree, non-certificate training in data, science, or specialized librarianship",Absolutely essential,Absolutely essential,Very important,Very important,Very important,Very important,Very important,Absolutely essential,Very important,Absolutely essential,Absolutely essential,Very important,Very important,Important,Don't know or N/A,Absolutely essential,Absolutely essential,Absolutely essential,Very important,Important,Very important,Absolutely essential,Absolutely essential,Absolutely essential,Very important,Absolutely essential,Absolutely essential,Very important,Slightly important,Very important,Very important,Don't know or N/A,Absolutely essential,Not at all important,Absolutely essential,Important,Absolutely essential,Absolutely essential,Important,Very important,Very important,Absolutely essential,Very important,Very important,Very important,Slightly important,Slightly important,Not at all important,redacted,redacted
redacted,redacted,redacted,redacted,,,,,,redacted,10,11,Biomedical and/or health sciences,Life sciences,,,,,,80,20,ALA-accredited master’s degree,,,,PhD (any discipline),,"Other non-degree, non-certificate training in data, science, or specialized librarianship",Absolutely essential,Important,Important,Absolutely essential,Slightly important,Absolutely essential,Absolutely essential,Absolutely essential,Slightly important,Absolutely essential,Slightly important,Not at all important,Not at all important,Absolutely essential,Not at all important,Absolutely essential,Absolutely essential,Absolutely essential,Very important,Absolutely essential,Absolutely essential,Absolutely essential,Important,Not at all important,Important,Slightly important,Not at all important,Slightly important,Not at all important,Absolutely essential,Important,Important,Absolutely essential,Very important,Absolutely essential,Very important,Absolutely essential,Absolutely essential,Absolutely essential,Absolutely essential,Absolutely essential,Absolutely essential,Absolutely essential,Absolutely essential,Absolutely essential,Absolutely essential,Very important,Important,redacted,redacted
redacted,redacted,redacted,redacted,,,,,,redacted,11,11,Biomedical and/or health sciences,Life sciences,,,,,,40,60,ALA-accredited master’s degree,Science master’s degree,,Undergraduate science degree,,,,Very important,Very important,Important,Important,Important,Very important,Slightly important,Important,Slightly important,Very important,Important,Important,Very important,Not at all important,Slightly important,Slightly important,Slightly important,Important,Slightly important,Important,Important,Absolutely essential,Slightly important,Not at all important,Slightly important,Not at all important,Not at all important,Slightly important,Not at all important,Absolutely essential,Important,Slightly important,Absolutely essential,Not at all important,Slightly important,Slightly important,Absolutely essential,Absolutely essential,Absolutely essential,Absolutely essential,Absolutely essential,Absolutely essential,Important,Not at all important,Not at all important,Important,Very important,Not at all important,redacted,redacted
redacted,redacted,redacted,redacted,,,,,,redacted,5,5,Biomedical and/or health sciences,,,,,,,20,80,ALA-accredited master’s degree,,,,,,,Important,Important,Important,Important,Important,Important,Important,Important,Important,Important,Important,Important,Important,Important,Important,Important,Important,Important,Important,Important,Important,Important,Important,Important,Important,Important,Important,Important,Important,Important,Important,Important,Important,Important,Important,Important,Important,Important,Important,Important,Important,Important,Important,Important,Important,Important,Important,Important,redacted,redacted
redacted,redacted,redacted,redacted,,,,,,redacted,1,1,,Life sciences,Physical sciences,Mathematics and/or statistics,Engineering and/or computer science,Social sciences,,75,25,ALA-accredited master’s degree,Science master’s degree,,Undergraduate science degree,,,,Important,Very important,Not at all important,Very important,Not at all important,Absolutely essential,Don't know or N/A,Absolutely essential,Important,Absolutely essential,Very important,Slightly important,Slightly important,Absolutely essential,Don't know or N/A,Absolutely essential,Absolutely essential,Slightly important,Absolutely essential,Absolutely essential,Absolutely essential,Absolutely essential,Absolutely essential,Don't know or N/A,Very important,Important,Slightly important,Very important,Don't know or N/A,Absolutely essential,Absolutely essential,Don't know or N/A,Absolutely essential,Don't know or N/A,Absolutely essential,Absolutely essential,Absolutely essential,Very important,Absolutely essential,Absolutely essential,Absolutely essential,Absolutely essential,Absolutely essential,Important,Don't know or N/A,Very important,Important,Slightly important,redacted,redacted
redacted,redacted,redacted,redacted,,,,,,redacted,27,37,Biomedical and/or health sciences,,,,,,,10,90,ALA-accredited master’s degree,,,Undergraduate science degree,,Specialized librarianship certification (such as data or medical library certification),,,,,,,,,,,,,,,,,,,,,,,,,,,,,,,,,,,,,,,,,,,,,,,,,,redacted,redacted
redacted,redacted,redacted,redacted,,,,,,redacted,3,6,Biomedical and/or health sciences,Life sciences,,,,,,25,75,ALA-accredited master’s degree,,,,,,"Other non-degree, non-certificate training in data, science, or specialized librarianship",Important,Important,Not at all important,Very important,Slightly important,Very important,Slightly important,Absolutely essential,Very important,Absolutely essential,Absolutely essential,Absolutely essential,Absolutely essential,Absolutely essential,Absolutely essential,Absolutely essential,Absolutely essential,Absolutely essential,Important,Very important,Very important,Absolutely essential,Important,Important,Important,Very important,Very important,Not at all important,Not at all important,Absolutely essential,Very important,Important,Very important,Not at all important,Absolutely essential,Important,Absolutely essential,Very important,Very important,Important,Very important,Very important,Very important,Absolutely essential,Absolutely essential,Not at all important,Not at all important,Not at all important,redacted,redacted
redacted,redacted,redacted,redacted,,,,,,redacted,3,8,Biomedical and/or health sciences,Life sciences,,,,,,60,40,ALA-accredited master’s degree,,,Undergraduate science degree,,,"Other non-degree, non-certificate training in data, science, or specialized librarianship",Not at all important,Not at all important,Important,Absolutely essential,Not at all important,Not at all important,Absolutely essential,Absolutely essential,Not at all important,Absolutely essential,Absolutely essential,Important,Important,Not at all important,Not at all important,Absolutely essential,Absolutely essential,Absolutely essential,Very important,Very important,Absolutely essential,Absolutely essential,Absolutely essential,Absolutely essential,Very important,Important,Slightly important,Very important,Not at all important,Not at all important,Slightly important,Not at all important,Absolutely essential,Not at all important,Absolutely essential,Absolutely essential,Absolutely essential,Absolutely essential,Absolutely essential,Absolutely essential,Absolutely essential,Absolutely essential,Absolutely essential,Important,Important,Absolutely essential,Absolutely essential,Not at all important,redacted,redacted
redacted,redacted,redacted,redacted,,,,,,redacted,1,6,Biomedical and/or health sciences,Life sciences,Physical sciences,Mathematics and/or statistics,Engineering and/or computer science,Social sciences,,80,20,ALA-accredited master’s degree,,,Undergraduate science degree,,,"Other non-degree, non-certificate training in data, science, or specialized librarianship",Absolutely essential,Absolutely essential,Important,Important,Slightly important,Absolutely essential,Slightly important,Important,Very important,Very important,Important,Very important,Important,Important,Important,Absolutely essential,Absolutely essential,Absolutely essential,Very important,Very important,Very important,Absolutely essential,Absolutely essential,Not at all important,Important,Important,Important,Very important,Slightly important,Absolutely essential,Very important,Important,Absolutely essential,Not at all important,Absolutely essential,Very important,Absolutely essential,Very important,Very important,Very important,Absolutely essential,Absolutely essential,Important,Important,Important,Slightly important,Slightly important,Slightly important,redacted,redacted
redacted,redacted,redacted,redacted,,,,,,redacted,1,1,Biomedical and/or health sciences,,,,,,,70,30,,,"Other non-ALA, non-science master’s degree",,,,,Very important,Important,Absolutely essential,Important,Important,Very important,Important,Important,Important,Very important,Slightly important,Slightly important,Not at all important,Important,Not at all important,Slightly important,Important,Important,Slightly important,Slightly important,Important,Very important,Very important,Not at all important,Slightly important,Slightly important,Important,Not at all important,Not at all important,Very important,Important,Slightly important,Absolutely essential,Not at all important,Very important,Very important,Absolutely essential,Very important,Very important,Absolutely essential,Important,Absolutely essential,Important,Not at all important,Not at all important,Not at all important,Not at all important,Not at all important,redacted,redacted
redacted,redacted,redacted,redacted,,,,,,redacted,11,16,Biomedical and/or health sciences,Life sciences,,,,,,5,95,ALA-accredited master’s degree,,,,,,,Important,Important,Slightly important,Important,Slightly important,Important,Slightly important,Important,Very important,Important,Slightly important,Slightly important,Slightly important,Important,Slightly important,Very important,Very important,Very important,Very important,Very important,Very important,Very important,Important,Important,Important,Very important,Very important,Very important,Slightly important,Absolutely essential,Very important,Very important,Absolutely essential,Very important,Absolutely essential,Very important,Absolutely essential,Very important,Very important,Very important,Very important,Very important,Very important,Very important,Don't know or N/A,Slightly important,Slightly important,Slightly important,redacted,redacted
redacted,redacted,redacted,redacted,,,,,,redacted,1,7,Biomedical and/or health sciences,,,,,,,10,90,ALA-accredited master’s degree,,,Undergraduate science degree,,,,Very important,Very important,Very important,Very important,Very important,Very important,Very important,Very important,Very important,Very important,Very important,Not at all important,Very important,Very important,Not at all important,Absolutely essential,Absolutely essential,Absolutely essential,Very important,Very important,Very important,Very important,Very important,Not at all important,Very important,Very important,Absolutely essential,Very important,Not at all important,Very important,Absolutely essential,Not at all important,Absolutely essential,Very important,Absolutely essential,Absolutely essential,Absolutely essential,Absolutely essential,Absolutely essential,Absolutely essential,Absolutely essential,Absolutely essential,Very important,Very important,Don't know or N/A,Not at all important,Not at all important,Not at all important,redacted,redacted
redacted,redacted,redacted,redacted,,,,,,redacted,2,6,,,,,Engineering and/or computer science,,,15,85,ALA-accredited master’s degree,,,,,,,Not at all important,Very important,Slightly important,Important,Not at all important,Slightly important,Not at all important,Very important,Very important,Not at all important,Important,Important,Important,Very important,Important,Not at all important,Not at all important,Slightly important,Not at all important,Not at all important,Not at all important,Not at all important,Slightly important,Not at all important,Not at all important,Not at all important,Not at all important,Slightly important,Slightly important,Not at all important,Not at all important,Not at all important,Absolutely essential,Don't know or N/A,Very important,Slightly important,Slightly important,Very important,Slightly important,Absolutely essential,Not at all important,Important,Slightly important,Slightly important,Very important,Very important,Very important,Not at all important,redacted,redacted
redacted,redacted,redacted,redacted,,,,,,redacted,3,5,Biomedical and/or health sciences,Life sciences,,,,Social sciences,,20,80,,Science master’s degree,,Undergraduate science degree,PhD (any discipline),,,Absolutely essential,Very important,Important,Very important,Slightly important,Very important,Slightly important,Slightly important,Absolutely essential,Absolutely essential,Slightly important,Slightly important,Slightly important,Not at all important,Not at all important,Slightly important,Very important,Important,Important,Important,Important,Absolutely essential,Very important,Not at all important,Very important,Important,Very important,Absolutely essential,Not at all important,Absolutely essential,Important,Slightly important,Absolutely essential,Not at all important,Very important,Important,Very important,Very important,Very important,Very important,Important,Very important,Slightly important,Slightly important,Important,Important,Slightly important,Slightly important,redacted,redacted
redacted,redacted,redacted,redacted,,,,,,redacted,1,32,Biomedical and/or health sciences,Life sciences,,,,,,50,50,,,,,,Specialized librarianship certification (such as data or medical library certification),,Absolutely essential,Absolutely essential,Important,Absolutely essential,Important,Important,Slightly important,Slightly important,Absolutely essential,Very important,,,,,,Slightly important,Important,Very important,Slightly important,Slightly important,Very important,Very important,Important,Important,Important,Important,Important,Important,Very important,Absolutely essential,Absolutely essential,Important,Very important,Don't know or N/A,Very important,Slightly important,Absolutely essential,Very important,Very important,Very important,Important,Important,Important,Don't know or N/A,Slightly important,Very important,Slightly important,Not at all important,redacted,redacted
redacted,redacted,redacted,redacted,,,,,,redacted,8,12,Biomedical and/or health sciences,,,,,,,25,75,ALA-accredited master’s degree,,"Other non-ALA, non-science master’s degree",,,,,Very important,Very important,Not at all important,Not at all important,Very important,Important,Slightly important,Absolutely essential,Not at all important,Slightly important,Absolutely essential,Not at all important,Absolutely essential,Not at all important,Very important,Absolutely essential,Absolutely essential,Important,Absolutely essential,Absolutely essential,Important,Very important,Important,Slightly important,Important,Slightly important,Very important,Not at all important,Not at all important,Important,Absolutely essential,Not at all important,Absolutely essential,Important,Absolutely essential,Not at all important,Very important,Absolutely essential,Absolutely essential,Important,Absolutely essential,Absolutely essential,Important,Slightly important,Important,Not at all important,Slightly important,Not at all important,redacted,redacted
redacted,redacted,redacted,redacted,,,,,,redacted,3,10,Biomedical and/or health sciences,Life sciences,Physical sciences,Mathematics and/or statistics,Engineering and/or computer science,Social sciences,,80,20,ALA-accredited master’s degree,,,Undergraduate science degree,,,"Other non-degree, non-certificate training in data, science, or specialized librarianship",Absolutely essential,Absolutely essential,Slightly important,Important,Absolutely essential,Absolutely essential,Slightly important,Important,Absolutely essential,Absolutely essential,Important,Absolutely essential,Absolutely essential,Important,Absolutely essential,Absolutely essential,Absolutely essential,Absolutely essential,Very important,Very important,Very important,Absolutely essential,Absolutely essential,Important,Very important,Important,Important,Important,Slightly important,Absolutely essential,Absolutely essential,Important,Absolutely essential,Don't know or N/A,Very important,Absolutely essential,Absolutely essential,Absolutely essential,Absolutely essential,Absolutely essential,Absolutely essential,Absolutely essential,Absolutely essential,Very important,Important,Very important,Very important,Very important,redacted,redacted
redacted,redacted,redacted,redacted,,,,,,redacted,38,26,Biomedical and/or health sciences,,,,,,,80,20,,,,,,Specialized librarianship certification (such as data or medical library certification),,Important,Important,Important,Important,Important,Important,Important,Very important,Very important,Very important,,,,,,Absolutely essential,Very important,Very important,Very important,Very important,Very important,Very important,Very important,,,,,,,Important,Important,Important,Very important,Important,Very important,Important,Very important,Very important,Very important,Very important,Very important,Very important,Very important,Important,Important,Important,Important,Important,redacted,redacted
